id,name,lat,lon,type,owner
15009,,0.0,-3.051,other,Prediction and Research Moored Array in the Atlantic
22101,,37.23,126.02,buoy,Korean Meteorological Administration
22102,,34.8,125.77,buoy,Korean Meteorological Administration
22103,,34.0,127.5,buoy,Korean Meteorological Administration
22104,,34.77,128.9,buoy,Korean Meteorological Administration
22105,,37.53,130.0,buoy,Korean Meteorological Administration
22106,,36.35,129.78,buoy,Korean Meteorological Administration
22107,,33.08,126.03,buoy,Korean Meteorological Administration
22108,,36.25,125.75,buoy,Korean Meteorological Administration
32ST0,Stratus,-22.0,-85.0,fixed,Woods Hole Oceanographic Institution
41004,"EDISTO - 41 NM Southeast of Charleston, SC",32.502,-79.099,buoy,NDBC
41008,"GRAYS REEF - 40 NM Southeast of Savannah, GA",31.4,-80.866,buoy,NDBC
41009,"CANAVERAL 20 NM East of Cape Canaveral, FL",28.508,-80.185,buoy,NDBC
41010,CANAVERAL EAST - 120NM East of Cape Canaveral,28.86,-78.478,buoy,NDBC
41013,"Frying Pan Shoals, NC",33.436,-77.764,buoy,NDBC
41024,"Sunset Nearshore, NC (SUN2)",33.837,-78.477,buoy,CORMP
41025,"Diamond Shoals, NC",35.026,-75.38,buoy,NDBC
41029,"Capers Nearshore, SC (CAP2)",32.803,-79.624,buoy,CORMP
41033,"Fripp Nearshore, SC (FRP2)",32.279,-80.406,buoy,CORMP
41037,"Wrightsville Beach Offshore, NC (ILM3)",33.988,-77.362,buoy,CORMP
41038,"Wrightsville Beach Nearshore, NC (ILM2)",34.141,-77.715,buoy,CORMP
41040,NORTH EQUATORIAL ONE- 470 NM East of Martinique,14.568,-53.037,buoy,NDBC
41041,NORTH EQUATORIAL TWO - 890 NM East of Martinique,14.259,-46.052,buoy,NDBC
41043,"NE PUERTO RICO - 170 NM NNE of San Juan, PR",21.09,-64.864,buoy,NDBC
41044,NE ST MARTIN - 330 NM NE St Martin Is,21.582,-58.63,buoy,NDBC
41046,"EAST BAHAMAS - 335 NM East of San Salvador Is,  Bahamas",23.84,-68.34,buoy,NDBC
41047,"NE BAHAMAS - 350 NM ENE of Nassau, Bahamas",27.557,-71.48,buoy,NDBC
41048,WEST BERMUDA - 240 NM West of Bermuda,31.878,-69.722,buoy,NDBC
41049,SOUTH BERMUDA - 300 NM SSE of Bermuda,27.505,-62.271,buoy,NDBC
41053,"San Juan, PR",18.474,-66.099,buoy,Caribbean Integrated Coastal Ocean Observing System (CarICoos)
41056,"Vieques Island, PR",18.261,-65.464,buoy,Caribbean Integrated Coastal Ocean Observing System (CarICoos)
41064,"Onslow Bay Outer, NC (LEJ3)",34.207,-76.949,buoy,CORMP
41065,Capers Nearshore Waves (CAP2WAVE),32.802,-79.619,buoy,CORMP
41066,CHR60,32.536,-79.656,buoy,CORMP
41067,FRP2WAVE,32.276,-80.406,buoy,CORMP
41068,"Fort Pierce, FL (FTP)",27.593,-80.189,buoy,CORMP
41070,Ponce de Leon Inlet Waves (PNCWAVE),29.289,-80.803,buoy,CORMP
41076,CHR60WAVE,32.536,-79.659,buoy,CORMP
41082,OOI Pioneer - Mid-Atlantic Bight Central Surface Mooring,35.95,-75.125,buoy,NSF Ocean Observatories Initiative
41083,OOI Pioneer - Mid-Atlantic Bight Southern Surface Mooring,35.725,-74.853,buoy,NSF Ocean Observatories Initiative
41110,"Masonboro Inlet, ILM2, NC (150)",34.144,-77.715,buoy,CORMP
41112,"Offshore Fernandina Beach, FL (132)",30.709,-81.292,buoy,SCRIPPS
41113,"Cape Canaveral Nearshore, FL (143)",28.4,-80.533,buoy,SCRIPPS
41114,"Fort Pierce, FL (134)",27.564,-80.215,buoy,SCRIPPS
41117,"St. Augustine, FL (194)",29.999,-81.079,buoy,U.S. Army Corps of Engineers
41120,"Cape Hatteras East, NC (250)",35.258,-75.285,buoy,SCRIPPS
41121,"Arecibo, Puerto Rico (249)",18.491,-66.701,buoy,Caribbean Integrated Coastal Ocean Observing System (CarICoos)
41122,"Hollywood Beach, FL (265)",26.001,-80.096,buoy,SCRIPPS
41159,"Onslow Bay Outer, NC (217)",34.211,-76.944,buoy,CORMP
42001,"MID GULF - 180 nm South of Southwest Pass, LA",25.922,-89.638,buoy,NDBC
42002,"WEST GULF - 207 NM East of Brownsville, TX",25.95,-93.78,buoy,NDBC
42012,"ORANGE BEACH - 44 NM SE of Mobile, AL",30.061,-87.547,buoy,NDBC
42013,"C10 - WFS Central Buoy, 25m Isobath",27.173,-82.924,buoy,COMPS (University of South Florida)
42022,"C12 - WFS Central Buoy, 50m Isobath",27.505,-83.741,buoy,COMPS (University of South Florida)
42023,"C13 - WFS South Buoy, 50m Isobath",26.01,-83.086,buoy,COMPS (University of South Florida)
42026,"C22 - Loop Current Pressure Point Buoy, 70m Isobath",25.171,-83.475,buoy,COMPS (University of South Florida)
42027,"C23 - FLRACEP nWFS Buoy, 45m isobath",29.045,-85.305,buoy,COMPS (University of South Florida)
42028,"C24 - FLRACEP nWFS Buoy, 58m isobath",29.745,-86.227,buoy,COMPS (University of South Florida)
42035,"GALVESTON,TX -  22 NM East of Galveston, TX",29.235,-94.41,buoy,NDBC
42036,"WEST TAMPA  - 112 NM WNW of Tampa, FL",28.5,-84.505,buoy,NDBC
42039,"PENSACOLA - 115NM SSE of Pensacola, FL",28.768,-86.024,buoy,NDBC
42043,TGLO TABS Buoy B,28.982,-94.899,buoy,TABS
42044,TGLO TABS Buoy J,26.191,-97.051,buoy,TABS
42055,"BAY OF CAMPECHE - 214 NM NE of Veracruz, MX",22.14,-94.112,buoy,NDBC
42056,"Yucatan Basin - 120 NM ESE of Cozumel, MX",19.82,-84.98,buoy,NDBC
42057,"Western Caribbean - 195 NM WSW of Negril, Jamaica",16.975,-81.578,buoy,NDBC
42058,"Central Caribbean - 210 NM SSE of Kingston, Jamaica",14.114,-75.949,buoy,NDBC
42060,Caribbean Valley - 63 NM WSW of Montserrat,16.428,-63.21,buoy,NDBC
42084,"Southwest Pass Entrance W, LA (256)",28.988,-89.649,buoy,SCRIPPS
42085,"Southeast of Ponce, PR",17.87,-66.537,buoy,Caribbean Integrated Coastal Ocean Observing System (CarICoos)
42092,"Aransas Pass Channel Entrance S, TX (252)",27.639,-97.012,buoy,"Conrad Blucher Institute (CBI) for Surveying and Science, Texas A&M University-Corpus Christi"
42095,"Satan Shoal, FL (244)",24.407,-81.968,buoy,U.S. Army Corps of Engineers
42098,"Egmont Channel Entrance, FL (214)",27.59,-82.931,buoy,Greater Tampa Bay Marine Advisory Council-PORTS
42099,"Offshore St. Petersburg, FL (144)",27.352,-84.275,buoy,SCRIPPS
42354,"Chandeleur Island SE, LA (279)",29.579,-88.645,buoy,SCRIPPS
42358,FGBNMS Sofar Spotter,27.874,-93.815,other,Flower Garden Banks National Marine Sanctuary
44007,"PORTLAND - 12 NM Southeast of Portland,ME",43.525,-70.14,buoy,NDBC
44008,NANTUCKET 54 NM Southeast of Nantucket,40.5,-69.254,buoy,NDBC
44009,"DELAWARE BAY 26 NM Southeast of Cape May, NJ",38.46,-74.692,buoy,NDBC
44011,"GEORGES BANK 170 NM East of Hyannis, MA",41.088,-66.546,buoy,NDBC
44013,"BOSTON 16 NM East of Boston, MA",42.346,-70.651,buoy,NDBC
44014,"VIRGINIA BEACH 64 NM East of Virginia Beach, VA",36.603,-74.837,buoy,NDBC
44020,NANTUCKET SOUND,41.497,-70.283,buoy,NDBC
44025,"LONG ISLAND - 30 NM South of Islip, NY",40.258,-73.175,buoy,NDBC
44027,"Jonesport, ME - 20 NM SE of Jonesport, ME",44.284,-67.301,buoy,NDBC
44029,Buoy A01 - Massachusetts Bay,42.523,-70.566,buoy,Northeastern Regional Association of Coastal Ocean Observing Systems
44030,Buoy B01 - Western Maine Shelf,43.179,-70.426,buoy,Northeastern Regional Association of Coastal Ocean Observing Systems
44032,Buoy E01 - Central Maine Shelf,43.715,-69.355,buoy,Northeastern Regional Association of Coastal Ocean Observing Systems
44033,Buoy F01 - Penobscot Bay,44.055,-68.996,buoy,Northeastern Regional Association of Coastal Ocean Observing Systems
44034,Buoy I01 - Eastern Maine Shelf,44.103,-68.112,buoy,Northeastern Regional Association of Coastal Ocean Observing Systems
4403586,Buffalo Buoy,42.847,-78.904,fixed,SUNY Buffalo State University
4403587,Whitefish Bay,46.545,-84.769,buoy,Bay Mills Indian Community
44037,Buoy M01 - Jordan Basin,43.497,-67.876,buoy,Northeastern Regional Association of Coastal Ocean Observing Systems
44042,"Potomac, MD",38.033,-76.335,buoy,Chesapeake Bay Interpretive Buoy System (CBIBS)
44056,"Duck FRF, NC",36.2,-75.714,buoy,U.S. Army Corps of Engineers
44058,"Stingray Point, VA",37.567,-76.257,buoy,Chesapeake Bay Interpretive Buoy System (CBIBS)
44062,"Gooses Reef, MD",38.556,-76.415,buoy,Chesapeake Bay Interpretive Buoy System (CBIBS)
44063,"Annapolis, MD",38.963,-76.448,buoy,Chesapeake Bay Interpretive Buoy System (CBIBS)
44065,"New York Harbor Entrance - 15 NM SE of Breezy Point , NY",40.368,-73.701,buoy,NDBC
44069,Great South Bay,40.699,-73.087,buoy,Stony Brook University
44072,"York Spit, VA",37.201,-76.266,buoy,Chesapeake Bay Interpretive Buoy System (CBIBS)
44074,Great Bay Buoy,43.071,-70.868,buoy,University of New Hampshire
44078,OOI Irminger Sea Surface Mooring,59.94,-39.52,buoy,NSF Ocean Observatories Initiative
44079,OOI Pioneer - Mid-Atlantic Bight Northern Surface Mooring,36.175,-74.827,buoy,NSF Ocean Observatories Initiative
44080,Baltimore,39.223,-76.528,buoy,Chesapeake Bay Interpretive Buoy System (CBIBS)
44084,"Bethany Beach, DE (263)",38.537,-75.044,buoy,SCRIPPS
44085,"Buzzards Bay, MA (260)",41.387,-71.032,buoy,Woods Hole Group/NERACOOS
44086,"Nags Head, NC (243)",36.001,-75.421,buoy,UNC Coastal Studies Institute
44087,"Thimble Shoal, VA (240)",37.043,-76.129,buoy,U.S. Navy
44088,"Virginia Beach Offshore, VA (171)",36.612,-74.839,buoy,SCRIPPS
44090,"Cape Cod Bay, MA (221)",41.84,-70.329,buoy,Woods Hole Group/NERACOOS
44091,"Barnegat, NJ (209)",39.772,-73.769,buoy,U.S. Army Corps of Engineers
44095,"Oregon Inlet, NC (192)",35.75,-75.33,buoy,UNC Coastal Studies Institute
44097,"Block Island, RI  (154)",40.966,-71.123,buoy,SCRIPPS
44098,"Jeffrey's Ledge, NH (160)",42.8,-70.169,buoy,University of New Hampshire
44099,"Cape Henry, VA (147)",36.915,-75.722,buoy,SCRIPPS
44100,"Duck FRF 26m, NC (430)",36.257,-75.593,buoy,SCRIPPS
44137,East Scotia Slope,42.26,-62.03,buoy,Environment and Climate Change Canada
44139,Banqureau Banks,44.24,-57.1,buoy,Environment and Climate Change Canada
44150,La Have Bank,42.5,-64.02,buoy,Environment and Climate Change Canada
44258,Halifax Harbour,44.5,-63.4,buoy,Environment and Climate Change Canada
44488,East of Chedabucto Bay,45.44,-60.95,buoy,Environment and Climate Change Canada
44489,West Chedabucto Bay,45.49,-61.14,buoy,Environment and Climate Change Canada
45001,"MID SUPERIOR- 60 NM North Northeast Hancock, MI",48.061,-87.793,buoy,NDBC
45002,NORTH MICHIGAN- Halfway between North Manitou and Washington Islands.,45.344,-86.411,buoy,NDBC
45004,"EAST SUPERIOR -70 NM NE Marquette, MI",47.583,-86.586,other,NDBC
45005,"WEST ERIE - 16 NM NW of Lorain, OH",41.677,-82.398,other,NDBC
45006,"WEST SUPERIOR - 30NM NE of Outer Island, WI",47.335,-89.793,other,NDBC
45012,"EAST Lake America  - 20NM North Northeast of Rochester, NY",43.621,-77.401,other,NDBC
45013,"ATW20 - Atwater Park, WI",43.098,-87.85,buoy,University of Wisconsin-Milwaukee
45014,"GB17 - South Green Bay, WI",44.794,-87.758,buoy,University of Wisconsin-Milwaukee
45022,"Little Traverse Bay Buoy, MI",45.404,-85.088,buoy,University of Michigan CILER
45023,"North Entry Buoy, North Keweenaw Peninsula, MI",47.27,-88.607,buoy,Michigan Technological University
45024,"Ludington Buoy, MI",43.98,-86.56,buoy,University of Michigan CILER
45025,"South Entry Buoy, South Keweenaw Peninsula, MI",46.969,-88.398,buoy,Michigan Technological University
45026,"Cook Nuclear Plant Buoy, Stevensville, MI",41.982,-86.619,buoy,Limno Tech
45027,"McQuade Harbor Nearshore, MN",46.86,-91.93,buoy,"University of Minnesota, Duluth"
45028,Western Lake Superior,46.814,-91.829,buoy,"University of Minnesota, Duluth"
45029,"Holland Buoy, MI",42.9,-86.272,buoy,Limno Tech
45132,Port Stanley,42.46,-81.22,buoy,Environment and Climate Change Canada
45135,Prince Edward Pt,43.78,-76.87,buoy,Environment and Climate Change Canada
45136,Slate Island,48.54,-86.95,buoy,Environment and Climate Change Canada
45137,Georgian Bay,45.54,-81.02,buoy,Environment and Climate Change Canada
45139,West Lake Ontario - Grimsby,43.25,-79.53,buoy,Environment and Climate Change Canada
45140,Lake Winnipeg S. Basin,50.8,-96.73,buoy,Environment and Climate Change Canada
45142,Port Colborne,42.74,-79.29,buoy,Environment and Climate Change Canada
45143,South Georgian Bay,44.94,-80.627,buoy,Environment and Climate Change Canada
45145,Lake Winnipeg Narrows,51.87,-96.97,buoy,Environment and Climate Change Canada
45147,Lake St Clair,42.43,-82.68,buoy,Environment and Climate Change Canada
45148,Lake of the Woods,49.65,-94.5,buoy,Environment and Climate Change Canada
45149,Southern Lake Huron,43.54,-82.08,buoy,Environment and Climate Change Canada
45151,Lake Simcoe,44.5,-79.37,buoy,Environment and Climate Change Canada
45152,Lake Nipissing,46.23,-79.72,buoy,Environment and Climate Change Canada
45154,North Channel East,46.05,-82.64,buoy,Environment and Climate Change Canada
45159,NW Lake Ontario Ajax,43.77,-78.98,buoy,Environment and Climate Change Canada
45161,"Muskegon Buoy, MI",43.185,-86.354,buoy,GLERL
45164,"Cleveland Buoy, OH",41.748,-81.698,buoy,Limno Tech
45165,"Toledo Water Intake Buoy, Oregon, OH",41.704,-83.264,buoy,Limno Tech
45168,"South Haven Buoy, MI",42.397,-86.331,buoy,Limno Tech
45170,"Michigan City Buoy, IN",41.755,-86.968,buoy,Illinois-Indiana Sea Grant and Purdue Civil Engineering
45174,"Wilmette Buoy, IL",42.135,-87.655,buoy,Illinois-Indiana Sea Grant
45175,"Mackinac Straits West, Mackinaw City, MI",45.825,-84.772,buoy,Michigan Technological University
45176,"Cleveland Intake Crib Buoy, OH",41.55,-81.765,buoy,Limno Tech
45183,Sleeping Bear Dunes,44.982,-85.831,buoy,National Park Service - Sleeping Bear Dunes
45186,"Waukegan Buoy, IL",42.368,-87.795,buoy,University of Illinois at Urbana-Champaign
45187,"Winthrop Harbor Buoy, IL",42.491,-87.779,buoy,University of Illinois at Urbana-Champaign
45190,"Sodus Point, NY",43.282,-76.961,buoy,SUNY Plattsburgh Center for Earth and Environmental Science/Lake Champlain Research Institute
45191,"Oak Orchard, NY",43.388,-78.192,buoy,SUNY Plattsburgh Center for Earth and Environmental Science/Lake Champlain Research Institute
45194,"McGulpin Point North, MI (253)",45.803,-84.792,buoy,Michigan Technological University
45196,"Rocky River, OH",41.521,-81.88,buoy,Limno Tech
45197,"Euclid, OH",41.619,-81.617,buoy,Limno Tech
45198,Chicago Buoy,41.892,-87.563,buoy,Illinois-Indiana Sea Grant and Purdue Civil Engineering
45199,Salmon Unlimited Wisconsin,42.702,-87.647,buoy,Salmon Unlimited Wisconsin
45200,Maumee Bay Buoy,41.724,-83.37,buoy,Cleveland Water Alliance
45201,Erie Islands Buoy,41.601,-82.781,buoy,Cleveland Water Alliance
45202,Port Clinton Buoy,41.532,-82.941,buoy,Cleveland Water Alliance
45203,Huron Buoy,41.393,-82.512,buoy,Cleveland Water Alliance
45204,Sheffield Buoy,41.508,-82.115,buoy,Cleveland Water Alliance
45205,Edgewater Beach Buoy,41.501,-81.748,buoy,Cleveland Water Alliance
45206,Euclid Beach Buoy,41.585,-81.583,buoy,Cleveland Water Alliance
45207,Mentor Harbor Buoy,41.731,-81.367,buoy,Cleveland Water Alliance
45208,Ashtabula Buoy,41.913,-80.807,buoy,Cleveland Water Alliance
45209,"Lakeport Buoy, MI",43.129,-82.391,buoy,Great Lakes Water Authority
45210,"Rawley Point East, WI (269)",44.055,-87.05,buoy,SCRIPPS
45211,"Grand Island North, MI (268)",46.973,-86.568,buoy,SCRIPPS
45212,North Huron Spotter,45.351,-82.84,other,Michigan Technological University
45213,East Superior Spotter,47.588,-86.588,other,Michigan Technological University
45214,South Michigan Spotter,42.674,-87.026,other,Michigan Technological University
45215,"Oswego, NY (274)",43.501,-76.539,buoy,SCRIPPS
45216,"Ontonagon, MI",46.907,-89.354,buoy,Michigan Technological University
45217,Wisconsin Point,46.708,-92.0,buoy,"University of Minnesota, Duluth"
45219,Two Harbors Nearshore Buoy,47.021,-91.625,buoy,"University of Minnesota, Duluth"
45220,Dunkirk Buoy,42.561,-79.432,fixed,SUNY Buffalo State University
46001,"WESTERN GULF OF ALASKA  - 175NM SE of Kodiak, AK",56.296,-148.027,buoy,NDBC
46002,"WEST OREGON - 275NM West of Coos Bay, OR",42.56,-130.523,buoy,NDBC
46004,Middle Nomad,50.93,-136.1,buoy,Environment and Climate Change Canada
46005,"WEST WASHINGTON - 300NM West of Aberdeen, WA",46.147,-131.077,buoy,NDBC
46006,"SOUTHEAST PAPA - 600NM West of Eureka, CA",40.73,-137.42,buoy,NDBC
46011,"SANTA MARIA - 21NM NW of Point Arguello, CA",34.937,-120.999,buoy,NDBC
46012,"HALF MOON BAY - 24NM SSW of San Francisco, CA",37.356,-122.881,usv,NDBC
46013,"BODEGA BAY - 48NM NW of San Francisco, CA",38.235,-123.317,buoy,NDBC
46014,"PT ARENA - 19NM North of Point Arena, CA",39.225,-123.98,buoy,NDBC
46015,"PORT ORFORD - 15 NM West of Port Orford, OR",42.754,-124.839,buoy,NDBC
46022,"EEL RIVER - 17NM WSW of Eureka, CA",40.716,-124.54,buoy,NDBC
46025,"Santa Monica Basin - 33NM WSW of Santa Monica, CA",33.765,-119.077,buoy,NDBC
46026,"SAN FRANCISCO - 18NM West of San Francisco, CA",37.75,-122.838,buoy,NDBC
46027,"ST GEORGES - 8 NM NW of Crescent City, CA",41.84,-124.382,buoy,NDBC
46028,"CAPE SAN MARTIN - 55NM West NW of Morro Bay, CA",35.763,-121.9,buoy,NDBC
46029,COLUMBIA RIVER BAR - 20NM West of Columbia River Mouth,46.148,-124.508,buoy,NDBC
46035,"CENTRAL BERING SEA - 310 NM North of Adak, AK",57.034,-177.468,buoy,NDBC
46036,South Nomad,48.36,-133.94,buoy,Environment and Climate Change Canada
46041,"CAPE ELIZABETH - 45NM NW of Aberdeen, WA",47.351,-124.741,buoy,NDBC
46042,"MONTEREY - 27NM WNW of Monterey, CA",36.787,-122.408,buoy,NDBC
46047,"TANNER BANK - 121 NM West of San Diego, CA",32.418,-119.535,buoy,NDBC
46050,"STONEWALL BANK - 20NM West of Newport, OR",44.679,-124.535,buoy,NDBC
46053,"EAST SANTA BARBARA  - 12NM Southwest of Santa Barbara, CA",34.246,-119.842,buoy,NDBC
46054,"WEST SANTA BARBARA  38 NM West of Santa Barbara, CA",34.274,-120.468,buoy,NDBC
46059,"WEST CALIFORNIA - 357NM West of San Francisco, CA",38.067,-129.895,buoy,NDBC
46060,"WEST ORCA BAY - 8NM NW of Hinchinbrook Is., AK",60.571,-146.795,buoy,NDBC
46061,"Seal Rocks - Between Montague and Hinchinbrook Islands, AK",60.231,-146.84,buoy,NDBC
46066,"SOUTH KODIAK - 310NM SSW of Kodiak, AK",52.776,-154.992,buoy,NDBC
46069,"SOUTH SANTA ROSA - 14 NM SW of Santa Rosa Island, CA",33.657,-120.227,buoy,NDBC
46070,"SOUTHWEST BERING SEA - 142NM NNE OF ATTU IS, AK",55.048,175.246,buoy,NDBC
46071,"WESTERN ALEUTIANS - 14NM SOUTH OF AMCHITKA IS, AK",51.035,179.808,buoy,NDBC
46072,CENTRAL ALEUTIANS 230 NM SW Dutch Harbor,51.645,-172.145,buoy,NDBC
46073,"SOUTHEAST BERING SEA - 205 NM WNW of Dutch Harbor, AK",54.985,-171.874,buoy,NDBC
46075,"SHUMAGIN ISLANDS - 85NM South of Sand Point, AK",53.93,-160.763,buoy,NDBC
46076,"CAPE CLEARE - 17 NM South of Montague Is,  AK",59.508,-148.005,buoy,NDBC
46077,"SHELIKOF STRAIT, AK",57.869,-154.211,buoy,NDBC
46078,"ALBATROSS BANK - 104NM South of Kodiak Is., AK",55.561,-152.599,buoy,NDBC
46080,"PORTLOCK BANK - 76 NM ENE of Kodiak, AK",57.91,-150.129,buoy,NDBC
46081,Western Prince William Sound,60.802,-148.283,buoy,NDBC
46082,"Cape Suckling - 35 NM SE of Kayak Is, AK",59.67,-143.353,buoy,NDBC
46083,"FAIRWEATHER GROUND - 105 NM West  of Juneau, AK",58.276,-138.024,buoy,NDBC
46084,"CAPE EDGECUMBE - 25NM SSW of Cape Edgecumbe, AK",56.614,-136.04,buoy,NDBC
46085,"CENTRAL GULF OF ALASKA -  265NM West of Cape Ommaney, AK",55.84,-142.895,buoy,NDBC
46086,"SAN CLEMENTE BASIN - 27NM SE Of San Clemente Is, CA",32.504,-118.029,buoy,NDBC
46087,"Neah Bay - 6 NM North of Cape Flattery, WA (Traffic Separation Lighted Buoy)",48.493,-124.727,buoy,NDBC
46088,"NEW DUNGENESS - 17 NM NE of Port Angeles, WA",48.332,-123.179,buoy,NDBC
46089,"TILLAMOOK, OR - 85 NM WNW of Tillamook, OR",45.928,-125.815,buoy,NDBC
46092,MBM1,36.751,-122.029,buoy,MBARI
46097,OOI Newport Shelf,44.639,-124.304,buoy,NSF Ocean Observatories Initiative
46099,OOI Westport Shelf,46.988,-124.567,buoy,NSF Ocean Observatories Initiative
46108,Lower Cook Inlet (204),59.598,-151.828,buoy,Alaska Ocean Observing System
46128,"Buoy CB-06 - West of Coos Bay, OR",43.292,-124.538,buoy,Northwest Association of Networked Ocean Observing Systems
46131,Sentry Shoal,49.91,-124.98,buoy,Environment and Climate Change Canada
46132,South Brooks,49.78,-127.89,buoy,Environment and Climate Change Canada
46145,Central Dixon Entrance Buoy,54.37,-132.42,buoy,Environment and Climate Change Canada
46146,Halibut Bank,49.34,-123.73,buoy,Environment and Climate Change Canada
46147,South Moresby,51.83,-131.22,buoy,Environment and Climate Change Canada
46181,Nanakwa Shoal,53.83,-128.83,buoy,Environment and Climate Change Canada
46183,North Hecate Strait,53.62,-131.1,buoy,Environment and Climate Change Canada
46184,North Nomad,53.92,-138.85,buoy,Environment and Climate Change Canada
46185,South Hecate Strait,52.42,-129.79,buoy,Environment and Climate Change Canada
46204,West Sea Otter,51.38,-128.77,buoy,Environment and Climate Change Canada
46205,West Dixon Entrance,54.18,-134.32,buoy,Environment and Climate Change Canada
46206,La Perouse Bank,48.84,-126.0,buoy,Environment and Climate Change Canada
46207,East Dellwood,50.87,-129.92,buoy,Environment and Climate Change Canada
46208,West Moresby,52.52,-132.69,buoy,Environment and Climate Change Canada
46211,"Grays Harbor, WA (036)",46.857,-124.243,buoy,SCRIPPS
46213,"Cape Mendocino, CA (094)",40.291,-124.748,buoy,SCRIPPS
46214,"Point Reyes, CA (029)",37.944,-123.466,buoy,SCRIPPS
46215,"Diablo Canyon, CA (076)",35.204,-120.859,buoy,SCRIPPS
46218,"Harvest, CA (071)",34.452,-120.78,buoy,SCRIPPS
46219,"San Nicolas Island, CA (067)",33.226,-119.891,buoy,SCRIPPS
46221,"Santa Monica Bay, CA (028)",33.86,-118.641,buoy,SCRIPPS
46222,"San Pedro, CA (092)",33.614,-118.314,buoy,SCRIPPS
46224,"Oceanside Offshore, CA (045)",33.178,-117.472,buoy,SCRIPPS
46225,"Torrey Pines Outer, CA (100)",32.933,-117.391,buoy,SCRIPPS
46229,"UMPQUA OFFSHORE, OR (139)",43.772,-124.549,buoy,SCRIPPS
46232,"Point Loma South, CA  (191)",32.517,-117.425,buoy,SCRIPPS
46236,"Monterey Canyon Outer, CA  (156)",36.759,-121.95,buoy,SCRIPPS
46237,"San Francisco Bar, CA  (142)",37.788,-122.634,buoy,SCRIPPS
46239,"Point Sur, CA (157)",36.342,-122.11,buoy,SCRIPPS
46243,"Clatsop Spit, OR (162)",46.215,-124.129,buoy,SCRIPPS
46244,"Humboldt Bay, North Spit, CA (168)",40.896,-124.358,buoy,SCRIPPS
46246,Ocean Station PAPA  (166),49.903,-145.246,buoy,"APL-UW, University of Washington Applied Physics Laboratory"
46248,"Astoria Canyon, OR  (179)",46.133,-124.64,buoy,SCRIPPS
46251,"Santa Cruz Basin, CA (203)",33.769,-119.565,buoy,SCRIPPS
46253,"San Pedro South, CA (213)",33.576,-118.182,buoy,SCRIPPS
46254,"SCRIPPS Nearshore, CA (201)",32.868,-117.267,buoy,SCRIPPS
46256,"Long Beach Channel, CA (215)",33.7,-118.201,buoy,SCRIPPS
46258,"Mission Bay West, CA (220)",32.749,-117.502,buoy,SCRIPPS
46259,"Santa Lucia Escarpment, CA (222)",34.774,-121.491,buoy,U.S. Army Corps of Engineers
46266,"Del Mar Nearshore, CA (153)",32.957,-117.279,buoy,U.S. Army Corps of Engineers
46267,"Angeles Point, WA (248)",48.171,-123.6,buoy,SCRIPPS
46268,"Topanga Nearshore, CA (103)",34.022,-118.578,buoy,SCRIPPS
46274,"Leucadia Nearshore, CA (262)",33.062,-117.314,buoy,SCRIPPS
46275,"Red Beach Nearshore, CA (264)",33.291,-117.501,buoy,SCRIPPS
46277,"Green Beach Offshore, CA (271)",33.336,-117.659,buoy,SCRIPPS
46278,"Tillamook Bay South Jetty, OR (270)",45.559,-123.991,buoy,SCRIPPS
46285,"Capistrano Beach Nearshore, CA (284)",33.445,-117.68,buoy,SCRIPPS
46286,"Avila Beach Nearshore, CA (285)",35.164,-120.737,buoy,National Laboratory of the Rockies (NLR)
46303,Southern Georgia Strait,49.02,-123.43,buoy,Environment and Climate Change Canada
46304,Entrance To English Bay,49.3,-123.36,buoy,Environment and Climate Change Canada
51000,NORTHERN HAWAII ONE - 245NM NE of Honolulu HI,23.534,-153.752,buoy,NDBC
51001,"NORTHWESTERN HAWAII ONE - 188 NM NW of Kauai Island, HI",24.475,-162.03,buoy,NDBC
51002,"SOUTHWEST HAWAII - 215NM SSW of Hilo, HI",17.07,-157.755,buoy,NDBC
51003,"WESTERN  HAWAII - 205 NM SW of Honolulu, HI",19.151,-160.617,buoy,NDBC
51004,"SOUTHEAST HAWAII - 205 NM Southeast of Hilo, HI",17.504,-152.197,buoy,NDBC
51101,"NORTHWESTERN HAWAII TWO - 186 NM NW of Kauai Is., HI",24.34,-162.073,buoy,NDBC
51201,"Waimea Bay, HI (106)",21.671,-158.118,buoy,Pacific Islands Ocean Observing System
51202,"Mokapu Point, HI (098)",21.414,-157.681,buoy,Pacific Islands Ocean Observing System
51205,"Pauwela, Maui, HI (187)",21.018,-156.421,buoy,Pacific Islands Ocean Observing System
51206,"Hilo, Hawaii, HI (188)",19.779,-154.97,buoy,Pacific Islands Ocean Observing System
51209,"Aunuu, American Samoa (189)",-14.273,-170.501,buoy,Pacific Islands Ocean Observing System
51211,"Pearl Harbor Entrance, HI (233)",21.297,-157.959,buoy,Pacific Islands Ocean Observing System
51212,"Barbers Point, Kalaeloa, HI (238)",21.323,-158.149,buoy,Pacific Islands Ocean Observing System
51214,"King-Poloa, American Samoa (273)",-14.296,-170.875,buoy,Pacific Islands Ocean Observing System
51WH0,WHOTS - Woods Hole Ocean Time-series,22.0,-157.0,buoy,Woods Hole Oceanographic Institution
52201,"Kalo, Majuro, Marshall Islands (163)",7.078,171.384,buoy,Pacific Islands Ocean Observing System
52212,"Ngaraard, Babeldaob, Palau (219)",7.63,134.671,buoy,Pacific Islands Ocean Observing System
52213,"North Point, Pohnpei, Micronesia (178)",7.081,158.244,buoy,Pacific Islands Ocean Observing System
52214,"Rumung, Yap, Micronesia (272)",9.678,138.176,buoy,Pacific Islands Ocean Observing System
52216,"Pikareej, Arno, Marshall Islands (282)",7.323,171.641,buoy,Pacific Islands Ocean Observing System
62029,K1 Buoy,48.72,-12.43,buoy,UK Met Office
62030,L4 Buoy,50.25,-4.217,buoy,UK Met Office
62050,E1,50.0,-4.4,buoy,UK Met Office
62081,K2 Buoy,51.0,-13.55,buoy,UK Met Office
62103,Channel Lightship,49.9,-2.9,fixed,UK Met Office
62105,K4 Buoy,55.41,-11.81,buoy,UK Met Office
62114,"Tartan ""A"" AWS",58.3,0.0,oilrig,Private Industry Oil Platform
62121,Carrack AWS,53.5,2.7,oilrig,Private Industry Oil Platform
62124,Conwy,53.6,-3.6,oilrig,Private Industry Oil Platform
62127,Cleeton AWS,54.0,0.7,oilrig,Private Industry Oil Platform
62130,Brae A,58.7,1.3,oilrig,Private Industry Oil Platform
62144,Clipper AWS,53.4,1.7,oilrig,Private Industry Oil Platform
62145,North Sea,53.102,2.8,oilrig,Private Industry Oil Platform
62146,Lomond AWS,57.2,2.1,oilrig,Private Industry Oil Platform
62148,Barque AWS,53.6,1.5,oilrig,Private Industry Oil Platform
62149,"West Sole ""A"" AWS",53.7,1.1,oilrig,Private Industry Oil Platform
62163,Brittany Buoy,47.55,-8.47,buoy,UK Met Office
62164,Anasuria AWS,57.2,0.8,oilrig,Private Industry Oil Platform
62165,Ravenspurn North AWS,54.0,1.1,oilrig,Private Industry Oil Platform
62170,F3 Light Vessel,51.24,2.0,fixed,UK Met Office
62304,Sandettie Lightship,51.102,1.8,fixed,UK Met Office
62305,Greenwich Lightship,50.4,0.0,fixed,UK Met Office
62442,Pap,49.0,-16.5,buoy,UK Met Office
63110,Beryl A AWS,59.5,1.5,oilrig,Private Industry Oil Platform
63112,Cormorant AWS,61.1,1.0,oilrig,Private Industry Oil Platform
63115,Magnus AWS,61.6,1.3,oilrig,Private Industry Oil Platform
64045,K5 Buoy,59.15,-11.79,buoy,UK Met Office
64046,K7 Buoy,60.483,-4.167,buoy,UK Met Office
AAMC1,"9414750 - Alameda, CA",37.772,-122.3,fixed,NOS
ABYA2,"Auke Bay Lab Dock, AK",58.381,-134.646,fixed,"NWS WFO Juneau, AK (AJK)"
ACXS1,"Bennett's Point, ACE Basin Reserve, SC",32.559,-80.454,fixed,National Estuarine Research Reserve System
ACYN4,"8534720 - Atlantic City, NJ",39.357,-74.418,fixed,NOS
ADKA2,"9461380 - Adak Island, AK",51.861,-176.637,fixed,NOS
AGCM4,"9014070 - Algonac, MI",42.621,-82.527,fixed,NOS
AGXC1,"9410647 - Angels Gate, CA",33.716,-118.246,fixed,NOAA NOS PORTS
AJXA2,"Juneau AJ Dock, AK",58.287,-134.398,fixed,Marine Exchange of Alaska
AKXA2,"Akutan, AK",54.132,-165.782,fixed,Marine Exchange of Alaska
ALIA2,"9457804 - Alitak, AK",56.898,-154.247,fixed,NOS
ALXN6,"8311062 - Alexandria Bay, NY",44.331,-75.934,fixed,NOS
AMAA2,"East Amatuli Island Light, AK",58.916,-151.952,fixed,NDBC
AMRL1,"8764227 - LAWMA, Amerada Pass, LA",29.45,-91.338,fixed,NOS
ANMN6,"Field Station, Hudson River Reserve, NY",42.018,-73.917,fixed,National Estuarine Research Reserve System
ANPT2,"8775241 - Aransas, Aransas Pass, TX",27.837,-97.039,fixed,TCOON
ANVC1,"9416841 - Arena Cove, CA",38.915,-123.711,fixed,NOS
APAM2,"8575512 - Annapolis, MD",38.983,-76.479,fixed,NOS
APCF1,"8728690 - Apalachicola, FL",29.724,-84.98,fixed,NOS
APMA2,"Anchorage Port, AK",61.238,-149.887,fixed,Marine Exchange of Alaska
APNM4,"Alpena Harbor Light, Alpena, MI",45.06,-83.424,fixed,GLERL
APRP7,"1630000 - Apra Harbor, Guam",13.444,144.657,fixed,NOS
APXA2,"Anchor Point, Kachemak Bay Reserve, AK",59.77,-151.868,fixed,National Estuarine Research Reserve System
APXF1,"East Bay, Apalachicola Reserve, FL",29.769,-84.881,fixed,National Estuarine Research Reserve System
ASBO1,Ashtabula Lighthouse,41.918,-80.796,other,"NWS WFO Cleveland, OH (CLE)"
ASTO3,"9439040 - Astoria, OR",46.207,-123.768,fixed,NOS
ATGM1,"8413320 - Bar Harbor, ME",44.392,-68.204,fixed,NOS
ATKA2,"9461710 - Atka, AK",52.232,-174.173,fixed,NOS
AUGA2,"Augustine Island, AK",59.378,-153.348,fixed,NDBC
AWRT2,"8774230 - Aransas Wildlife Refuge, TX",28.227,-96.796,fixed,TCOON
BABT2,"8776604 - Baffin Bay, TX",27.297,-97.405,fixed,TCOON
BARN6,"Barcelona Harbor, NY",42.345,-79.595,fixed,"NWS WFO Buffalo, NY (BUF)"
BATN6,"8518750 - The Battery, NY",40.701,-74.014,fixed,NOS
BAXC1,9410691 - Los Angeles Badger Avenue Bridge,33.766,-118.24,fixed,NOAA NOS PORTS
BCFM2,Brewerton Channel Range Front Light (8574831),39.205,-76.524,fixed,NOAA NOS PORTS
BCTP1,Beach 2 Tower,42.153,-80.131,fixed,Regional Science Consortium
BDRN4,"8539094 - Burlington, Delaware River, NJ",40.082,-74.87,fixed,NOAA NOS PORTS
BDSP1,"8546252 - Bridesburg, PA",39.98,-75.079,fixed,NOAA NOS PORTS
BDVF1,"Broad River, FL",25.478,-80.989,fixed,Everglades National Park
BDXC1,"Bodega, CA",38.317,-123.071,fixed,"University of California Davis, Bodega Marine Laboratory"
BEPB6,"2695540 - Bermuda, St. Georges Island, BM",32.374,-64.701,fixed,NOS
BEXA2,"Bethel, AK",60.791,-161.749,fixed,Marine Exchange of Alaska
BFTN7,"8656483 - Beaufort, NC",34.717,-76.671,fixed,NOS
BGXN3,"Greenland, Great Bay Reserve, NH",43.059,-70.83,fixed,National Estuarine Research Reserve System
BHBM3,"8443970 - Boston, MA",42.355,-71.05,fixed,NOS
BIGM4,"Big Bay, MI",46.827,-87.727,fixed,"NWS WFO Marquette, MI (MQT)"
BISM2,"8571421 - Bishops Head, MD",38.22,-76.039,fixed,NOS
BKBF1,"8720357 -  I-295 Buckman Bridge, St Johns River, FL",30.192,-81.692,fixed,NOAA NOS PORTS
BKTL1,"8767961 - Lake Charles Bulk Terminal, LA",30.19,-93.301,fixed,NOS
BKYF1,"Buoy Key, FL",25.119,-80.834,fixed,Everglades National Park
BLIA2,"Bligh Reef Light, AK",60.839,-146.884,fixed,NDBC
BLIF1,"8720233 - Blount Island Command, St Johns River, FL",30.393,-81.523,fixed,NOAA NOS PORTS
BLTM2,"8574680 - Baltimore, MD",39.267,-76.579,fixed,NOS
BLTM3,"8447387 - Borden Flats Light at Fall River, MA",41.704,-71.174,fixed,NOAA NOS PORTS
BMTW1,"9445958 - Bremerton, WA",47.562,-122.626,fixed,NOAA NOS PORTS
BNKF1,"Butternut Key, FL",25.087,-80.519,fixed,Everglades National Park
BOBF1,"Bob Allen, FL",25.027,-80.681,fixed,Everglades National Park
BRHC3,"8467150 - Bridgeport, CT",41.174,-73.181,fixed,NOS
BRND1,"8555889 - Brandywine Shoal Light, DE",38.987,-75.113,fixed,NOAA NOS PORTS
BSBM4,"Big Sable Point, MI",44.055,-86.514,fixed,"NWS WFO Grand Rapids, MI (GRR)"
BSCA1,"Bon Secour, AL",30.329,-87.829,fixed,Dauphin Island Sea Lab
BSKF1,"Big Sable Creek, FL",25.266,-81.162,fixed,Everglades National Park
BUFN6,"9063020 - Buffalo, NY",42.878,-78.89,fixed,NOS
BURL1,"Southwest Pass, LA",28.906,-89.429,fixed,NDBC
BUZM3,"Buzzards Bay, MA",41.397,-71.033,fixed,NDBC
BWSF1,"Blackwater Sound, FL",25.178,-80.438,fixed,Everglades National Park
BYGL1,"8762482 - West Bank 1, Bayou Gauche, LA",29.789,-90.42,fixed,NOS
BZBM3,"8447930 - Woods Hole, MA",41.524,-70.671,fixed,NOS
BZST2,"8779749 - SPI Brazos Santiago, TX",26.067,-97.155,fixed,TCOON
CAMM2,"8571892 - Cambridge, MD",38.574,-76.069,fixed,NOS
CANF1,"Cane Patch, FL",25.422,-80.942,fixed,Everglades National Park
CAPL1,"8768094 - Calcasieu Pass, LA",29.768,-93.343,fixed,NOS
CASM1,"8418150 - Portland, ME",43.656,-70.246,fixed,NOS
CAVN6,"9052000 - Cape Vincent, NY",44.13,-76.333,fixed,NOS
CBLO1,"Conneaut Breakwater Light, OH",41.981,-80.556,fixed,"NWS WFO Cleveland, OH (CLE)"
CBRW3,"Chambers Island, WI",45.198,-87.36,fixed,"NWS WFO Green Bay, WI (GRB)"
CDEA2,"Cape Decision, AK",56.001,-134.136,fixed,"NWS WFO Juneau, AK (AJK)"
CDRF1,"Cedar Key, FL",29.136,-83.029,fixed,NDBC
CDXA2,"Cape Decision MXAK, AK",56.001,-134.136,fixed,Marine Exchange of Alaska
CECC1,"9419750 - Crescent City, CA",41.746,-124.184,fixed,NOS
CFWM1,"8411060 - Cutler Farris Wharf, ME",44.657,-67.205,fixed,NOS
CHAO3,"9432780 - Charleston, OR",43.351,-124.337,fixed,NOS
CHAV3,"9751639 - Charlotte Amalie, VI",18.335,-64.92,fixed,NOS
CHBV2,"8638901 - Chesapeake Bay Bridge Tunnel, VA",37.032,-76.083,fixed,NOS
CHCM2,"8573927 - Chesapeake City, MD",39.527,-75.81,fixed,NOAA NOS PORTS
CHII2,"Harrison-Dever Crib, Chicago, IL",41.916,-87.572,fixed,GLERL
CHSV3,"9751364 - Christiansted Harbor, St. Croix, VI",17.748,-64.699,fixed,NOS
CHTS1,"8665530 - Charleston, Cooper River Entrance, SC",32.781,-79.924,fixed,NOS
CHYV2,"8638999 - Cape Henry, VA",36.926,-76.007,fixed,NOAA NOS PORTS
CHYW1,"9449424 - Cherry Point, WA",48.863,-122.759,fixed,NOS
CKYF1,"8727520 - Cedar Key, FL",29.134,-83.031,fixed,NOS
CLBP4,"9752235 - Culebra, PR",18.301,-65.302,fixed,NOS
CLKN7,"Cape Lookout, NC",34.611,-76.528,fixed,NDBC
CLSM4,"St. Clair Shores, MI",42.471,-82.877,fixed,"NWS WFO Detroit/Pontiac, MI (DTX)"
CMAN4,"8536110 - Cape May, NJ",38.968,-74.96,fixed,NOS
CMLN3,"Coastal Marine Lab, New Castle, NH",43.07,-70.7,fixed,University of New Hampshire
CMTI2,"9087044 - Calumet Harbor, IL",41.73,-87.538,fixed,NOS
CNBF1,"Cannon Bay, FL",25.702,-81.186,fixed,Everglades National Park
CNDO1,"9063063 - Cleveland, OH",41.542,-81.637,fixed,NOS
CNII2,"Northerly Isle, IL",41.856,-87.609,fixed,"NWS WFO Chicago, IL (LOT)"
COVM2,"8577018 - Cove Point LNG Pier, MD",38.402,-76.385,fixed,NOAA NOS PORTS
COXA2,"Cordova, AK",60.542,-145.766,fixed,Marine Exchange of Alaska
CPMW1,"9449419 - Cherry Point South Dock Met, WA",48.86,-122.756,fixed,NOAA NOS PORTS
CPNW1,9449427 - Cherry Point North Dock Met,48.863,-122.758,fixed,NOAA NOS PORTS
CPSA2,"Cape Seniavin, AK",56.397,-160.142,fixed,Marine Exchange of Alaska
CPTR1,"8452944 - Conimicut Light, RI",41.717,-71.345,fixed,NOAA NOS PORTS
CPVM2,"8575437 - Chesapeake Bay Bridge Visibility, MD",38.995,-76.388,fixed,NOAA NOS PORTS
CPXA2,Captains Bay,53.843,-166.583,fixed,Marine Exchange of Alaska
CPXC1,"Cal Poly Pier, CA",35.17,-120.741,fixed,California Polytechnic State University
CRGA2,"Craig, AK",55.474,-133.136,fixed,"NWS WFO Juneau, AK (AJK)"
CRVA2,"9454050 - Cordova, AK",60.558,-145.752,fixed,NOS
CRYV2,"8638595 - South Craney Island, VA",36.888,-76.338,fixed,NOAA NOS PORTS
CSIM3,Castle Island (NOS) 8444069,42.341,-71.012,fixed,NOAA NOS PORTS
CSPA2,"Cape Spencer, AK",58.199,-136.64,fixed,"NWS WFO Juneau, AK (AJK)"
CSXA2,Cape Spencer WX,58.199,-136.641,fixed,Marine Exchange of Alaska
CWAF1,"Clear Water Pass, FL",25.297,-81.013,fixed,Everglades National Park
CWBF1,"8726724 - Clearwater Beach, FL",27.978,-82.832,fixed,NOS
CWCI,Caribou Island,47.334,-85.833,fixed,Environment and Climate Change Canada
CXHN6,"Coxsackie, Hudson River (8518979)",42.353,-73.795,fixed,NOAA NOS PORTS
CXLM2,Cooperative Oxford Laboratory,38.679,-76.174,fixed,National Centers for Coastal Ocean Science
CYGM4,"Cheboygan Marina, MI",45.658,-84.464,fixed,"NWS WFO Gayloard, MI (APX)"
DBLN6,"Dunkirk, NY",42.493,-79.353,fixed,NDBC
DCXA2,Devils Cove,58.351,-154.127,fixed,Marine Exchange of Alaska
DELD1,"8551762 - Delaware City, DE",39.582,-75.589,fixed,NOAA NOS PORTS
DESW1,"Destruction Island, WA",47.675,-124.485,fixed,NDBC
DHXA2,"Deadhorse, AK",70.222,-148.419,fixed,Marine Exchange of Alaska
DILA1,"8735180 - Dauphin Island, AL",30.25,-88.075,fixed,NOS
DISW3,"Devils Island, WI",47.079,-90.728,fixed,NDBC
DKKF1,"Duck Key, FL",25.18,-80.49,fixed,Everglades National Park
DMSF1,"8720219 - Dames Point, FL",30.387,-81.559,fixed,NOAA NOS PORTS
DOMV2,"8638511 - Dominion Terminal Associates, VA",36.962,-76.424,fixed,NOAA NOS PORTS
DPHA1,"Dauphin Island Sea Lab, AL",30.251,-88.078,fixed,Dauphin Island Sea Lab
DPLA2,"Dutch Harbor APL, AK",53.884,-166.531,fixed,Marine Exchange of Alaska
DPXA2,"Dutch Harbor Pilot Station, AK",53.889,-166.542,fixed,Marine Exchange of Alaska
DRSD1,"Saint Jones River, Delaware Reserve, DE",39.089,-75.437,fixed,National Estuarine Research Reserve System
DTLM4,"9075099 - De Tour Village, MI",45.993,-83.898,fixed,NOS
DULM5,"9099064 - Duluth, MN",46.776,-92.092,fixed,NOS
EBEF1,"8726674 - East Bay, FL",27.923,-82.421,fixed,NOAA NOS PORTS
EBSW1,"9447130 - Seattle, WA",47.602,-122.338,fixed,NOS
EFLA1,"8734536 - E Range Front Light Visibility, AL",30.429,-88.01,fixed,NOAA NOS PORTS
EINL1,"8764314 - North of Eugene Island, LA",29.373,-91.384,fixed,NOAA NOS PORTS
ELFA2,"9452634 - Elfin Cove, AK",58.193,-136.347,fixed,NOS
ELXA2,Cape St. Elias,59.798,-144.6,fixed,Marine Exchange of Alaska
EMAT2,"8773146 - Matagorda City, TX",28.71,-95.914,fixed,TCOON
EPTT2,"8771013 - Eagle Point, TX",29.481,-94.917,fixed,TCOON
ERXA2,"Eldred Rock MXAK, AK",58.971,-135.221,fixed,Marine Exchange of Alaska
ESPP4,"9752695 - Esperanza, Viequez Island, PR",18.094,-65.471,fixed,NOS
FAIO1,"9063053 - Fairport, OH",41.764,-81.281,fixed,NOS
FBIS1,"Folly Island, SC",32.684,-79.887,fixed,NDBC
FFIA2,"Five Fingers, AK",57.27,-133.631,fixed,NDBC
FILA2,"Flat Island Light, AK",59.331,-151.995,fixed,NDBC
FMRF1,"8725520 - Fort Myers, FL",26.647,-81.871,fixed,NOS
FOXR1,"8454000 - Providence, RI",41.807,-71.401,fixed,NOS
FPKG1,"8670870 - Fort Pulaski, GA",32.035,-80.903,fixed,NOS
FPST2,"8772471 - Freeport SPIP, TX",28.936,-95.294,fixed,NOS
FPTM4,"Fairport, MI",45.619,-86.66,fixed,"NWS WFO Marquette, MI (MQT)"
FRCB6,"2695535 - Bermuda, Ferry Reach Channel, BM",32.37,-64.695,fixed,NOS
FRDF1,"8720030 - Fernandina Beach, FL",30.675,-81.465,fixed,NOS
FRDW1,"9449880 - Friday Harbor, WA",48.545,-123.012,fixed,NOS
FRMA1,"8734383 - Fort Morgan, AL",30.234,-87.994,fixed,NOAA NOS PORTS
FRVM3,"8447386 - Fall River, MA",41.704,-71.164,fixed,NOAA NOS PORTS
FRWL1,"8766072 - Freshwater Canal Locks, LA",29.552,-92.305,fixed,NOS
FRXM3,"8447412 - Fall River Visibility, MA",41.696,-71.18,fixed,NOAA NOS PORTS
FSKM2,"8574728 - Francis Scott Key Bridge, MD",39.219,-76.528,fixed,NOAA NOS PORTS
FSTI2,"Foster Ave., Chicago, IL",41.976,-87.648,fixed,Chicago Park District
FTGM4,"9014098 - Fort Gratiot, MI",43.007,-82.422,fixed,NOS
FTPC1,"9414290 - San Francisco, CA",37.806,-122.466,fixed,NOS
GBIF1,"Gunboat Island, FL",25.378,-81.029,fixed,Everglades National Park
GBTF1,"Garfield Bight, FL",25.167,-80.801,fixed,Everglades National Park
GBWW3,"9087077 - Green Bay West, WI",44.538,-88.003,fixed,NOS
GBXA2,"Gambell, AK",63.777,-171.715,fixed,Marine Exchange of Alaska
GDMM5,"9099090 - Grand Marais, MN",47.749,-90.341,fixed,NOS
GDXM6,"Crooked Bayou, Grand Bay Reserve, MS",30.359,-88.42,fixed,National Estuarine Research Reserve System
GEXA2,"George Island, Alaska",58.213,-136.381,fixed,Marine Exchange of Alaska
GISL1,"8761724 - Grand Isle, LA",29.265,-89.958,fixed,NOS
GIXA2,"Guard Island, AK",55.446,-131.881,fixed,Marine Exchange of Alaska
GNJT2,"8771341 - Galveston Bay Entrance (North Jetty), TX",29.357,-94.725,fixed,NOS
GPXA2,"Grave Point, AK",58.062,-134.051,fixed,Marine Exchange of Alaska
GRCM4,GLRC Observatory,47.121,-88.545,fixed,Michigan Technological University
GRMM4,"Grand Marais, MI",46.684,-85.972,fixed,"NWS WFO Marquette, MI (MQT)"
GRRT2,"8771486 - Galveston RR Bridge, TX",29.302,-94.896,fixed,TCOON
GSLM4,"Gravelly Shoal Light, MI",44.018,-83.537,fixed,"NWS WFO Detroit/Pontiac, MI (DTX)"
GTLM4,"Grand Traverse Light, MI",45.211,-85.55,fixed,"NWS WFO Gayloard, MI (APX)"
GTOT2,"8771450 - Galveston Pier 21, TX",29.311,-94.792,fixed,NOS
GUXA2,"Gustavus Dock, AK",58.408,-135.726,fixed,Marine Exchange of Alaska
HAXA2,"Haines Harbor, AK",59.234,-135.442,fixed,Marine Exchange of Alaska
HBXC1,"Humboldt, CA",40.777,-124.197,fixed,Central and Northern California Ocean Observing System
HBYC1,"9418767 - North Spit, CA",40.767,-124.217,fixed,NOS
HCEF1,"Highway Creek, FL",25.254,-80.444,fixed,Everglades National Park
HCGN7,"8654467 - USCG Station Hatteras, NC",35.209,-75.704,fixed,NOS
HHLO1,"Huron Harbor Light, OH",41.401,-82.545,fixed,"NWS WFO Cleveland, OH (CLE)"
HIST2,"8770808 - High Island, TX",29.595,-94.39,fixed,TCOON
HIVT2,"8775223 - Harbor Island Visibility, TX",27.844,-97.07,fixed,NOAA NOS PORTS
HLNM4,"9087031 - Holland, MI",42.773,-86.213,fixed,NOS
HMRA2,"Homer, Kachemak Bay Reserve, AK",59.601,-151.41,fixed,National Estuarine Research Reserve System
HMSA2,"Homer Spit, AK",59.602,-151.417,fixed,Marine Exchange of Alaska
HRBM4,"9075014 - Harbor Beach, MI",43.846,-82.643,fixed,NOS
HREF1,"Harney River, FL",25.424,-81.06,fixed,Everglades National Park
HRRH1,"Lono Circle, He'eia Reserve, HI",21.431,-157.815,fixed,National Estuarine Research Reserve System
ICAC1,9410840 - Santa Monica Pier,34.008,-118.5,fixed,NOS
ILOH1,"1617760 - Hilo, HI",19.73,-155.056,fixed,NOS
IRDT2,"8776139 - South Bird Island, TX",27.48,-97.322,fixed,TCOON
ITKA2,"9451600 - Sitka, AK",57.052,-135.342,fixed,NOS
JBYF1,"Joe Bay, FL",25.224,-80.541,fixed,Everglades National Park
JCRN4,"Nacote Creek, Jacques Cousteau Reserve, NJ",39.535,-74.464,fixed,National Estuarine Research Reserve System
JKYF1,"Johnson Key, FL",25.053,-80.904,fixed,Everglades National Park
JLXA2,"Juneau Library, AK",58.298,-134.405,fixed,Marine Exchange of Alaska
JMLA2,Juneau AML Dock,58.286,-134.39,fixed,Marine Exchange of Alaska
JMPN7,"8658163 - Wrightsville Beach, NC",34.213,-77.786,fixed,NOS
JNEA2,"9452210 - Juneau, AK",58.298,-134.411,fixed,NOS
JNGA2,"Juneau ANG Dock, AK",58.291,-134.394,fixed,Marine Exchange of Alaska
JOXP4,"Jobos Bay Weather, Jobos Bay Reserve, PR",17.956,-66.223,fixed,National Estuarine Research Reserve System
JXUF1,"8720245 - Jacksonville University, FL",30.354,-81.612,fixed,NOS
KATA1,"Katrina Cut, AL",30.258,-88.213,fixed,Dauphin Island Sea Lab
KATP,Green Canyon 787 / Atlantis (BP),27.195,-90.027,oilrig,Federal Aviation Administration
KBMG1,"8679598 - Kings Bay MSF Pier, GA",30.777,-81.487,fixed,NOS
KBQX,Brazos 538 (Transco),28.314,-95.62,oilrig,Federal Aviation Administration
KCXA2,King Cove,55.057,-162.326,fixed,Marine Exchange of Alaska
KECA2,"9450460 - Ketchikan, AK",55.331,-131.625,fixed,NOS
KEXA2,"Ketchikan Harbor, AK",55.352,-131.684,fixed,Marine Exchange of Alaska
KGBK,Garden Banks 783 / Magnolia TLP (W&T Offshore),27.204,-92.203,oilrig,Federal Aviation Administration
KGCA2,"9459881 - King Cove, AK",55.062,-162.327,fixed,NOS
KGHB,Garden Banks 172 / Salsa (Shell E & P),27.84,-91.988,oilrig,Federal Aviation Administration
KGNA,"Bay of Grand Marais, MN",47.745,-90.346,fixed,"NWS WFO Duluth, MN (DLH)"
KGRY,Green Canyon 338 / Front Runner (Murphy E&P),27.625,-90.441,oilrig,Federal Aviation Administration
KGVW,Galveston 209A (Arena Offshore),29.13,-94.55,oilrig,Federal Aviation Administration
KGXA2,"Kodiak Gull Island, AK",57.777,-152.425,fixed,Marine Exchange of Alaska
KIKT,Mississippi Canyon 474 / Na Kika FPU (BP),28.521,-88.289,oilrig,Federal Aviation Administration
KLIH1,"1615680 - Kahului, Kahului Harbor, HI",20.895,-156.469,fixed,NOS
KLMW1,"9440357 - TEMCO Kalama Terminal, WA",45.983,-122.835,fixed,NOAA NOS PORTS
KMXA2,"Kodiak Matson Crane, AK",57.782,-152.439,fixed,Marine Exchange of Alaska
KNXA2,"Kenai, AK",60.552,-151.274,fixed,Marine Exchange of Alaska
KOZA2,"KOTZEBUE MXAK, AK",66.901,-162.589,fixed,Marine Exchange of Alaska
KP53,"Munising Lake Shore, MI",46.417,-86.65,fixed,"NWS WFO Marquette, MI (MQT)"
KP58,"Port Hope, MI",44.017,-82.8,fixed,"NWS WFO Detroit/Pontiac, MI (DTX)"
KP59,"Copper Harbor, MI",47.467,-87.883,fixed,"NWS WFO Marquette, MI (MQT)"
KPTN6,"8516945 - Kings Point, NY",40.811,-73.765,fixed,NOS
KPTV2,"8632200 - Kiptopeke, VA",37.165,-75.988,fixed,NOS
KSPR,Ship Shoal 178 (Apache Corp),28.599,-91.206,oilrig,Federal Aviation Administration
KTNF1,"Keaton Beach, FL",29.819,-83.593,fixed,NDBC
KVAF,East Breaks 643 / Boomvang Spar (Anadarko),27.354,-94.625,oilrig,Federal Aviation Administration
KVOA,Viosca Knoll 786 / Petronius (Chevron),29.229,-87.781,oilrig,Federal Aviation Administration
KWHH1,"1617433 - Kawaihae, HI",20.037,-155.829,fixed,NOS
KWJP8,"1820000 - Kwajalein, Marshall Islands",8.732,167.734,fixed,NOS
KWNW3,"9087069 - Kewaunee MET, WI",44.465,-87.496,fixed,NOS
KYWF1,"8724580 - Key West, FL",24.556,-81.808,fixed,NOS
LAMV3,"9751381 - Lameshur Bay, St John, VI",18.318,-64.724,fixed,NOS
LAPW1,"9442396 - La Push, WA",47.913,-124.637,fixed,NOS
LBSF1,"Little Blackwater, FL",25.214,-80.432,fixed,Everglades National Park
LCLL1,"8767816 - Lake Charles, LA",30.224,-93.222,fixed,NOS
LDTM4,"9087023 - Ludington, MI",43.947,-86.441,fixed,NOS
LIXA2,"Little Island, AK",58.54,-135.047,fixed,Marine Exchange of Alaska
LJAC1,"9410230 - La Jolla, CA",32.867,-117.257,fixed,NOS
LJPC1,"La Jolla, CA (073)",32.867,-117.257,fixed,SCRIPPS
LKWF1,"8722670 - Lake Worth Pier, FL",26.613,-80.034,fixed,NOS
LMDF1,"Little Madeira, FL",25.176,-80.633,fixed,Everglades National Park
LMFS1,Lake Murray SC,34.107,-81.271,fixed,"NWS WFO Columbia, SC (CAE)"
LMRF1,"Lostmans River, FL",25.556,-81.169,fixed,Everglades National Park
LNDC1,"9414763 - Oakland Berth 67, CA",37.795,-122.281,fixed,NOAA NOS PORTS
LONF1,"Long Key, FL",24.844,-80.864,fixed,NDBC
LOPW1,"9440422 - Longview, WA",46.106,-122.954,fixed,NOS
LPNM4,"9075065 - Alpena, MI",45.063,-83.429,fixed,NOS
LQAT2,"La Quinta, TX  MET (8775132)",27.881,-97.285,fixed,NOAA NOS PORTS
LRIF1,"Lane River, FL",25.284,-80.894,fixed,Everglades National Park
LRKF1,"Little Rabbit Key, FL",24.982,-80.826,fixed,Everglades National Park
LSNF1,"Long Sound, FL",25.235,-80.457,fixed,Everglades National Park
LTBV3,"9751401 - Lime Tree Bay, St. Croix, VI",17.695,-64.754,fixed,NOS
LTJF1,"8720228 - Little Jetties, St. Johns River, FL",30.379,-81.446,fixed,NOAA NOS PORTS
LTRM4,"9076033 - Little Rapids, MI",46.486,-84.302,fixed,NOS
LUIT2,"8771972 - San Luis Pass, TX",29.076,-95.122,fixed,TCOON
LWSD1,"8557380 - Lewes, DE",38.783,-75.119,fixed,NOS
LWTV2,"8635750 - Lewisetta, VA",37.995,-76.465,fixed,NOS
MACM4,"9075080 - Mackinaw City, MI",45.777,-84.721,fixed,NOS
MAXT2,"Copano East, Mission-Aransas Reserve, TX",28.132,-97.034,fixed,National Estuarine Research Reserve System
MBET2,"8773767 - Matagorda Bay Entrance Channel, TX",28.422,-96.327,fixed,NOS
MBIN7,"Masonboro Island, NC (MSNB_S)",34.091,-77.868,fixed,CORMP
MBNN7,"Masonboro Island, NC (MSNB_N)",34.171,-77.824,fixed,CORMP
MBPA1,"8736163 - Middle Bay Port, Mobile Bay, AL",30.527,-88.086,fixed,NOAA NOS PORTS
MBRM4,"9014090 - Mouth of the Black River, MI",42.975,-82.419,fixed,NOS
MBXC1,"Morro Bay - BM1 T-Pier, CA",35.371,-120.859,fixed,California Polytechnic State University
MCGA1,"8736897 - Coast Guard Sector Mobile, AL",30.649,-88.058,fixed,NOAA NOS PORTS
MCGM4,"9099018 - Marquette C.G., MI",46.546,-87.379,fixed,NOS
MCYI3,"Michigan City Harbor Entrance Light, Michigan City, IN",41.729,-86.912,fixed,GLERL
MDKF1,"Middle Key, FL",25.289,-80.396,fixed,Everglades National Park
MDRM1,"Mt. Desert Rock, ME",43.969,-68.128,fixed,NDBC
MDXA2,"Middleton Island, AK",59.438,-146.327,fixed,Marine Exchange of Alaska
MEYC1,"9413450 - Monterey, CA",36.605,-121.889,fixed,NOS
MGIP4,"9759110 - Magueyes Islands, PR",17.97,-67.046,fixed,NOS
MGPT2,"8770613 - Morgans Point, TX",29.682,-94.985,fixed,TCOON
MGZP4,"9759394 - Mayaguez, PR",18.218,-67.159,fixed,NOS
MHBT2,"8775283 - Enbridge, Ingleside, TX",27.828,-97.201,fixed,NOAA NOS PORTS
MHRN6,"8519532 - Mariners Harbor, NY",40.641,-74.162,fixed,NOAA NOS PORTS
MISM1,"Matinicus Rock, ME",43.784,-68.855,fixed,NDBC
MISP4,"9759938 - Mona Island, PR",18.09,-67.939,fixed,NOS
MIST2,"Ship Channel, Mission-Aransas Reserve, TX",27.838,-97.05,fixed,National Estuarine Research Reserve System
MIXA2,"Midway Island, AK",57.837,-133.814,fixed,Marine Exchange of Alaska
MKGM4,"Muskegon CG Station, Muskegon, MI",43.228,-86.339,fixed,GLERL
MLSC1,"Moss Landing, South Harbor, CA",36.802,-121.791,fixed,Moss Landing Marine Lab
MLWW3,Port of Milwaukee,43.005,-87.884,fixed,GLERL
MNBF1,"Manatee Bay, FL",25.239,-80.422,fixed,Everglades National Park
MNMM4,"9087088 - Menominee, MI",45.096,-87.59,fixed,NOS
MNPV2,"8639348 - Money Point, VA",36.778,-76.302,fixed,NOAA NOS PORTS
MOKH1,"1612480 - Mokuoloe, HI",21.433,-157.79,fixed,NOS
MRCP1,"8540433 - Marcus Hook, PA",39.809,-75.415,fixed,NOAA NOS PORTS
MRHO1,"9063079 - Marblehead, OH",41.544,-82.731,fixed,NOS
MRKA2,"Middle Rock Light, AK",61.081,-146.653,fixed,NDBC
MRNA2,"Marmion Island, AK",58.198,-134.257,fixed,Marine Exchange of Alaska
MROS1,"8661070 - Springmaid Pier, SC",33.656,-78.916,fixed,NOS
MRYA2,"Mary Island, AK",55.099,-131.182,fixed,Marine Exchange of Alaska
MTBF1,"8726412 - Middle Tampa Bay, FL",27.661,-82.594,fixed,NOAA NOS PORTS
MTKN6,"8510560 - Montauk, NY",41.048,-71.959,fixed,NOS
MUKF1,"Murray Key, FL",25.106,-80.942,fixed,Everglades National Park
MVXA2,"Mendenhall Valley, AK",58.364,-134.606,fixed,Marine Exchange of Alaska
MXXA2,"MXAK Office, AK",58.301,-134.425,fixed,Marine Exchange of Alaska
MYPF1,"8720218 - Mayport (Bar Pilots Dock), FL",30.398,-81.428,fixed,NOS
MZXC1,"9415102 - Martinez-Amorco Pier, CA",38.035,-122.125,fixed,NOAA NOS PORTS
NABM4,"Naubinway, MI",46.087,-85.444,fixed,"NWS WFO Gayloard, MI (APX)"
NAXR1,"Potters Cove, Narragansett Bay Reserve, RI",41.637,-71.339,fixed,National Estuarine Research Reserve System
NBGM3,"8447627 - New Bedford, Barrier Gate, MA",41.624,-70.906,fixed,NOAA NOS PORTS
NBLP1,"8548989 - Newbold, PA",40.137,-74.752,fixed,NOAA NOS PORTS
NCDV2,"8635027 - Dahlgren, VA",38.32,-77.037,fixed,NOS
NCHT2,"8770777 - Manchester, TX",29.726,-95.266,fixed,TCOON
NEAW1,"9443090 - Neah Bay, WA",48.367,-124.614,fixed,NOS
NFDF1,"8720215 - Navy Fuel Depot, St Johns River, FL",30.4,-81.627,fixed,NOAA NOS PORTS
NIAN6,"9063012 - Niagara Intake, NY",43.077,-79.014,fixed,NOS
NIWS1,"Oyster Landing, North Inlet-Winyah Bay Reserve, SC",33.349,-79.189,fixed,National Estuarine Research Reserve System
NKLA2,Nikolski White Alice,52.972,-168.855,fixed,Marine Exchange of Alaska
NKTA2,"9455760 - Nikiski, AK",60.683,-151.399,fixed,NOS
NKXA2,"Naked Island, AK",58.255,-134.945,fixed,Marine Exchange of Alaska
NLHC3,"8461490 - New London, CT",41.372,-72.096,fixed,NOS
NLXA2,"Nelson Lagoon, AK",56.005,-161.177,fixed,Marine Exchange of Alaska
NMTA2,"9468756 - Nome, Norton Sound, AK",64.5,-165.43,fixed,NOS
NMXA2,"Nome, AK",64.494,-165.44,fixed,Marine Exchange of Alaska
NPDW3,"Northport Pier at Death's Door, WI",45.291,-86.977,fixed,"NWS WFO Green Bay, WI (GRB)"
NPXN6,"Norrie Point, Hudson River Reserve, NY",41.831,-73.942,fixed,National Estuarine Research Reserve System
NREP1,"Northeast Marina, PA",42.258,-79.792,fixed,"NWS WFO Cleveland, OH (CLE)"
NRRF1,"North River, FL",25.338,-80.911,fixed,Everglades National Park
NSTP6,"1770000 - Pago Pago, American Samoa",-14.28,-170.688,fixed,NOS
NSXA2,"Nikiski, AK",60.74,-151.311,fixed,Marine Exchange of Alaska
NTBC1,"9411340 - Santa Barbara, CA",34.405,-119.692,fixed,NOS
NTKM3,"8449130 - Nantucket Island, MA",41.285,-70.096,fixed,NOS
NWCL1,"8761927 - New Canal Station, LA",30.027,-90.113,fixed,NOS
NWHC3,"8465705 - New Haven, CT",41.283,-72.908,fixed,NOAA NOS PORTS
NWPO3,"Newport, OR",44.613,-124.067,fixed,NDBC
NWPR1,"8452660 - Newport, RI",41.504,-71.326,fixed,NOS
NWWH1,"1611400 - Nawiliwili, HI",21.954,-159.353,fixed,NOS
OBGN6,"8311030 - Ogdensburg, NY",44.702,-75.494,fixed,NOS
OBLA1,"8737048 - Mobile State Docks, AL",30.705,-88.04,fixed,NOS
OBXC1,"9414797 - Oakland Berth 38, CA",37.804,-122.341,fixed,NOAA NOS PORTS
OCIM2,"8570283 - Ocean City Inlet, MD",38.328,-75.091,fixed,NOS
OHBC1,"9410660 - Los Angeles, CA",33.72,-118.273,fixed,NOS
OKSI2,"Oak St., Chicago, IL",41.912,-87.624,fixed,Chicago Park District
OKXC1,"9414776 - Oakland Berth 34, CA",37.811,-122.333,fixed,NOAA NOS PORTS
OLCN6,"Olcott Harbor, NY",43.341,-78.719,fixed,"NWS WFO Buffalo, NY (BUF)"
OLSA2,"9462450 - Nikolski, AK",52.94,-168.87,fixed,NOS
OMHC1,"9414769 - Oakland Middle Harbor Met, CA",37.801,-122.33,fixed,NOAA NOS PORTS
OOUH1,"1612340 - Honolulu, HI",21.303,-157.865,fixed,NOS
OPTF1,"8726607 - Old Port Tampa, FL",27.858,-82.553,fixed,NOAA NOS PORTS
ORIN7,"8652587 - Oregon Inlet Marina, NC",35.796,-75.548,fixed,NOS
OSGN6,"9052030 - Oswego, NY",43.464,-76.511,fixed,NOS
OTNM4,"Ontonagon, MI",46.87,-89.33,fixed,"NWS WFO Marquette, MI (MQT)"
OVIA2,"9455500 - Seldovia, AK",59.44,-151.72,fixed,NOS
OWMO1,"Western Reserve, Old Woman Creek Reserve, OH",41.247,-82.454,fixed,National Estuarine Research Reserve System
OWXO1,"Old Woman Creek, Old Woman Creek Reserve, OH",41.378,-82.508,fixed,National Estuarine Research Reserve System
PACF1,"8729108 - Panama City, FL",30.15,-85.664,fixed,NOS
PACT2,"8775792 - Packery Channel, TX",27.634,-97.237,fixed,TCOON
PAUA2,"ST PAUL MXAK, AK",57.124,-170.271,fixed,Marine Exchange of Alaska
PAXA2,"Point Arden, AK",58.159,-134.178,fixed,Marine Exchange of Alaska
PBFW1,"Padilla Bay Farm, Padilla Bay Reserve, WA",48.464,-122.469,fixed,National Estuarine Research Reserve System
PBPA2,"Point Bishop, AK",58.203,-134.148,fixed,"NWS WFO Juneau, AK (AJK)"
PCBF1,"8729210 - Panama City Beach, FL",30.213,-85.88,fixed,NOS
PCGT2,"8779748 - South Padre Island CGS, TX",26.072,-97.167,fixed,TCOON
PCLF1,"8729840 - Pensacola, FL",30.404,-87.211,fixed,NOS
PCNT2,"8773701 - Port O'Connor, Matagorda Bay, TX",28.446,-96.396,fixed,TCOON
PCOC1,"9415144 - Port Chicago, CA",38.056,-122.039,fixed,NOS
PCXA2,"Point Craven MXAK, AK",57.463,-134.867,fixed,Marine Exchange of Alaska
PDVR1,"8454123 - Port of Davisville, RI",41.611,-71.41,fixed,NOAA NOS PORTS
PEGF1,"8722956 - Port Everglades, FL",26.086,-80.116,fixed,NOAA NOS PORTS
PEXA2,"Pelican MXAK, AK",57.958,-136.227,fixed,Marine Exchange of Alaska
PFXC1,"9410670 - Los Angeles Pier F, CA",33.747,-118.215,fixed,NOAA NOS PORTS
PGBP7,"1631428 - Pago Bay, Guam",13.428,144.796,fixed,NOS
PGXA2,Point Gardner,57.016,-134.618,fixed,Marine Exchange of Alaska
PHBP1,"8545240 - Philadelphia, PA",39.933,-75.142,fixed,NOS
PHCT2,"Port Aransas, TX, Horace Caldwell Pier (99999291)",27.826,-97.051,fixed,NOS
PILA2,"Pilot Rock, AK",59.742,-149.47,fixed,NDBC
PILL1,"8760721 - Pilottown, LA",29.179,-89.259,fixed,NOAA NOS PORTS
PILM4,"Passage Island, MI",48.223,-88.366,fixed,NDBC
PKBW3,"Pokegama Bay, Lake Superior Reserve, WI",46.672,-92.136,fixed,National Estuarine Research Reserve System
PKYF1,"Peterson Key, FL",24.918,-80.747,fixed,Everglades National Park
PLXA2,"9451054 - Port Alexander, AK",56.247,-134.647,fixed,NOS
PMAF1,"8726384 - Port Manatee, FL",27.638,-82.562,fixed,NOAA NOS PORTS
PMNT2,"8778490 - Port Mansfield, TX",26.559,-97.424,fixed,TCOON
PNGW3,"Port Wing, WI",46.792,-91.386,fixed,"NWS WFO Duluth, MN (DLH)"
PNLM4,"9087096 - Port Inland, MI",45.968,-85.869,fixed,NOS
PNLM6,"8741533 - Pascagoula NOAA Lab, MS",30.368,-88.563,fixed,NOS
PORO3,"9431647 - Port Orford, OR",42.739,-124.498,fixed,NOS
PORT2,"8770475 - Port Arthur, TX",29.867,-93.931,fixed,TCOON
POTA2,"Potato Point, AK",61.056,-146.697,fixed,NDBC
PPTA1,"Perdido Pass, AL",30.279,-87.556,fixed,Dauphin Island Sea Lab
PPTM2,"8578240 - Piney Point, MD",38.134,-76.533,fixed,NOAA NOS PORTS
PPXA2,Point Pigot,60.801,-148.357,fixed,Marine Exchange of Alaska
PPXC1,"9414847 - Point Potrero, Richmond, CA",37.906,-122.365,fixed,NOAA NOS PORTS
PRDA2,"9497645 - Prudhoe Bay, AK",70.4,-148.527,fixed,NOS
PRHH1,"1612401 - Pearl Harbor, HI",21.367,-157.964,fixed,NOAA NOS PORTS
PRIM4,"Presque Isle Light, MI",45.357,-83.492,fixed,"NWS WFO Gayloard, MI (APX)"
PRJC1,"9410665 - Los Angeles Pier J, CA",33.733,-118.186,fixed,NOAA NOS PORTS
PRTA2,"Point Retreat, AK",58.411,-134.955,fixed,"NWS WFO Juneau, AK (AJK)"
PRUR1,"8452314 - Sandy Point, Prudence Island, RI",41.605,-71.304,fixed,NOAA NOS PORTS
PRYC1,"9415020 - Point Reyes, CA",37.996,-122.977,fixed,NOS
PSBC1,"9415115 - Pittsburg (Suisun Bay), CA",38.04,-121.887,fixed,NOAA NOS PORTS
PSBM1,"8410140 - Eastport, ME",44.905,-66.983,fixed,NOS
PSLC1,"9412110 - Port San Luis, CA",35.169,-120.754,fixed,NOS
PSTL1,"8760922 - Pilot's Station East, SW Pass, LA",28.932,-89.407,fixed,NOS
PSTN6,"9063028 - Sturgeon Point, NY",42.691,-79.048,fixed,NOS
PSXC1,9410692 - Los Angeles Pier S,33.768,-118.226,fixed,NOAA NOS PORTS
PTAW1,"9444090 - Port Angeles, WA",48.125,-123.441,fixed,NOS
PTBM6,"8741003 - Petit Bois Island, Port of Pascagoula, MS",30.213,-88.505,fixed,NOAA NOS PORTS
PTCR1,"8452951 - Potter Cove, Prudence Island, RI",41.638,-71.34,fixed,NOAA NOS PORTS
PTFL1,"8762075 - Port Fourchon, LA",29.114,-90.199,fixed,NOS
PTGC1,"Point Arguello, CA",34.577,-120.648,fixed,NDBC
PTIM4,"9099004 - Point Iroquois, MI",46.485,-84.631,fixed,NOS
PTIT2,"8779770 - Port Isabel, TX",26.061,-97.215,fixed,NOS
PTLA2,"Portland Island, AK",58.346,-134.752,fixed,Marine Exchange of Alaska
PTOA1,"8737005 - Pinto Island, AL",30.671,-88.031,fixed,NOAA NOS PORTS
PTWW1,"9444900 - Port Townsend, WA",48.111,-122.76,fixed,NOS
PVDR1,"8453662 - Providence Visibility, RI",41.786,-71.383,fixed,NOAA NOS PORTS
PWAW3,"Port Washington, WI",43.388,-87.867,fixed,"NWS WFO Milwaukee, WI (MKX)"
PXOC1,"9414311 - San Francisco Pier 1, CA",37.798,-122.393,fixed,NOAA NOS PORTS
PXSC1,"9414296 - Pier 17, San Francisco Bay, CA",37.803,-122.397,fixed,NOAA NOS PORTS
RCKM4,"9076024 - Rock Cut, MI",46.264,-84.191,fixed,NOS
RCMC1,"9414863 - Richmond, CA",37.923,-122.41,fixed,NOAA NOS PORTS
RCPT2,"8774770 - Rockport, TX",28.024,-97.048,fixed,NOS
RCRN6,"9052058 - Rochester, NY",43.269,-77.626,fixed,NOS
RDDA2,"9491094 - Red Dog Dock, AK",67.575,-164.067,fixed,NOS
RIXA2,"Rocky Island, AK",58.177,-135.052,fixed,Marine Exchange of Alaska
RKXF1,"Upper Henderson Creek, Rookery Bay Reserve, FL",26.05,-81.701,fixed,National Estuarine Research Reserve System
RLIT2,"8779280 - Realitos Peninsula, TX",26.262,-97.285,fixed,TCOON
RLOT2,"8770971 - Rollover Pass, TX",29.515,-94.513,fixed,TCOON
ROAM4,"Rock of Ages, MI",47.867,-89.315,fixed,NDBC
ROBN4,"8530973 - Robbins Reef, NJ",40.657,-74.065,fixed,NOAA NOS PORTS
RPLV2,"8632837 - Rappahannock Light, VA",37.538,-76.014,fixed,NOAA NOS PORTS
RPRN6,"Rochester Coast Guard, NY",43.263,-77.598,fixed,"NWS WFO Buffalo, NY (BUF)"
RSJT2,"8777812 - Rincon del San Jose, TX",26.801,-97.471,fixed,TCOON
RTAT2,"8775237 - Port Aransas, TX",27.84,-97.072,fixed,TCOON
RTYC1,"9414523 - Redwood City, CA",37.507,-122.212,fixed,NOAA NOS PORTS
SANF1,"Sand Key, FL",24.456,-81.877,fixed,NDBC
SAPF1,"8726520 - St. Petersburg, Tampa Bay, FL",27.761,-82.627,fixed,NOS
SAUF1,"St. Augustine, FL",29.857,-81.264,fixed,NDBC
SAXG1,"Marsh Island, Sapelo Island Reserve, GA",31.418,-81.296,fixed,National Estuarine Research Reserve System
SBEO3,"9435380 - South Beach, OR",44.625,-124.045,fixed,NOS
SBIO1,"South Bass Island, OH",41.629,-82.841,fixed,NDBC
SBLM4,"Saginaw Bay Light #1, MI",43.81,-83.72,fixed,"NWS WFO Detroit/Pontiac, MI (DTX)"
SCXA2,"Scull Island, AK",58.205,-134.646,fixed,Marine Exchange of Alaska
SDBC1,"9410170 - San Diego, CA",32.714,-117.174,fixed,NOS
SDHN4,"8531680 - Sandy Hook, NJ",40.467,-74.009,fixed,NOS
SDRT2,"8773037 - Seadrift, TX",28.407,-96.712,fixed,TCOON
SEIM1,"8419870 - Seavey Island, ME",43.08,-70.742,fixed,NOAA NOS PORTS
SFXC1,"Rush Ranch, San Francisco Bay Reserve, CA",38.2,-122.026,fixed,National Estuarine Research Reserve System
SGNW3,"Sheboygan, WI",43.749,-87.693,fixed,NDBC
SGXA2,ST GEORGE MXAK,56.599,-169.542,fixed,Marine Exchange of Alaska
SHBL1,"8761305 - Shell Beach, LA",29.868,-89.673,fixed,NOS
SHXA2,"Sitka Harbor, AK",57.055,-135.349,fixed,Marine Exchange of Alaska
SIPF1,"Sebastian Inlet State Park North Jetty, FL",27.862,-80.445,fixed,Florida Institute of Technology
SISW1,"Smith Island, WA",48.321,-122.831,fixed,NDBC
SJNP4,"9755371 - San Juan, La Puntilla, San Juan Bay, PR",18.459,-66.116,fixed,NOS
SJSN4,"8537121 - Ship John Shoal, NJ",39.305,-75.377,fixed,NOAA NOS PORTS
SKCF1,"8726671 - Sparkman Channel Entrance, FL",27.921,-82.445,fixed,NOAA NOS PORTS
SKDA2,Skagway Ore Dock,59.449,-135.331,fixed,Marine Exchange of Alaska
SKTA2,"9452400 - Skagway, AK",59.45,-135.327,fixed,NOS
SKXA2,"Skagway MXAK, AK",59.448,-135.326,fixed,Marine Exchange of Alaska
SLIM2,"8577330 - Solomons Island, MD",38.321,-76.452,fixed,NOS
SLVM5,"Silver Bay, MN",47.278,-91.27,fixed,"NWS WFO Duluth, MN (DLH)"
SLXA2,"Salmon Landing, AK",55.34,-131.644,fixed,Marine Exchange of Alaska
SMKF1,"Sombrero Key, FL",24.628,-81.109,fixed,NDBC
SNDA2,"9459450 - Sand Point, AK",55.336,-160.502,fixed,NOS
SNDP5,"1619910 - Sand Island, Midway Islands",28.215,-177.361,fixed,NOS
SNTO3,"Tom's Creek, South Slough Reserve, OR",43.279,-124.318,fixed,National Estuarine Research Reserve System
SPGF1,"Settlement Point, GBI, Bahamas",26.704,-78.995,fixed,NDBC
SPTM4,"Sturgeon Point Light, MI",44.713,-83.273,fixed,"NWS WFO Gayloard, MI (APX)"
SPXA2,"Ship Island, AK",55.599,-132.203,fixed,Marine Exchange of Alaska
SREF1,"Shark River, FL",25.352,-81.1,fixed,Everglades National Park
SRLM4,"Spectacle Reef Light, MI",45.773,-84.137,fixed,GLERL
SRST2,"Sabine Pass, TX",29.683,-94.033,fixed,NDBC
SRXA2,"Statter Harbor MXAK, AK",58.383,-134.652,fixed,Marine Exchange of Alaska
SSBN7,Sunset Beach Nearshore Waves (SUN2WAVE),33.838,-78.484,buoy,CORMP
STDM4,"Stannard Rock, MI",47.184,-87.225,fixed,NDBC
STXA2,"Sitka AML, AK",57.116,-135.391,fixed,Marine Exchange of Alaska
SVNM4,"South Haven Light, South Haven, MI",42.401,-86.288,fixed,GLERL
SVXA2,"Savoonga, AK",63.693,-170.492,fixed,Marine Exchange of Alaska
SWPM4,"9076070 - S.W. Pier, MI",46.501,-84.372,fixed,NOAA NOS PORTS
SWPV2,"8638610 - Sewells Point, VA",36.943,-76.329,fixed,NOS
SWXA2,"Seward Harbor, AK",60.116,-149.434,fixed,Marine Exchange of Alaska
SXHW3,"Saxon Harbor, WI",46.563,-90.437,fixed,"NWS WFO Duluth, MN (DLH)"
SXXA2,"Saxman Landing, AK",55.315,-131.596,fixed,Marine Exchange of Alaska
TAQT2,"8775296 - USS Lexington, TX",27.815,-97.389,fixed,TCOON
TAWM4,"Tawas Point, MI",44.254,-83.449,fixed,"NWS WFO Gayloard, MI (APX)"
TBIM4,"Thunder Bay Island, MI",45.035,-83.194,fixed,GLERL
TBYF1,"Terrapin Bay, FL",25.155,-80.722,fixed,Everglades National Park
TCBM2,"8573364 - Tolchester Beach, MD",39.213,-76.244,fixed,NOAA NOS PORTS
TCMW1,"9446482 - Tacoma Met, WA",47.276,-122.418,fixed,NOAA NOS PORTS
TCNW1,"9446484 - Tacoma, WA",47.267,-122.413,fixed,NOAA NOS PORTS
TCVF1,"Trout Cove, FL",25.213,-80.533,fixed,Everglades National Park
TDPC1,"Trinidad Pier Trinidad, CA",41.055,-124.147,fixed,Central and Northern California Ocean Observing System
TESL1,"8764044 - Tesoro Marine Terminal, Berwick, Atchafalaya River, LA",29.668,-91.237,fixed,NOS
TGXA2,"Togiak, Alaska",59.055,-160.334,fixed,Marine Exchange of Alaska
THRF1,"Thursday Point, FL",25.203,-80.372,fixed,Everglades National Park
THRO1,"9063085 - Toledo, OH",41.694,-83.473,fixed,NOS
TIXC1,"Tidal Linkage, Tijuana River Reserve, CA",32.575,-117.127,fixed,National Estuarine Research Reserve System
TKEA2,"Tenakee Springs, AK",57.779,-135.219,fixed,Marine Exchange of Alaska
TKPN6,"Turkey Point Hudson River NERRS, NY (NOS 8518962)",42.014,-73.939,fixed,National Estuarine Research Reserve System
TLVT2,"8775285 - Tule Lake Visibility, TX",27.819,-97.454,fixed,NOAA NOS PORTS
TOKW1,"9440910 - Toke Point, WA",46.707,-123.967,fixed,NOS
TPAF1,"8726694 - TPA Cruise Terminal 2, Tampa, FL",27.933,-82.433,fixed,NOAA NOS PORTS
TPEF1,"Tarpon Bay East, FL",25.41,-80.964,fixed,Everglades National Park
TPLM2,"Thomas Point, MD",38.899,-76.436,fixed,NDBC
TPXA2,"Tree Point, AK",54.802,-130.934,fixed,Marine Exchange of Alaska
TRDF1,"8721604 - Trident Pier, FL",28.416,-80.593,fixed,NOS
TRRF1,"Taylor River, FL",25.217,-80.65,fixed,Everglades National Park
TRTP1,TREC Tower,42.11,-80.154,fixed,Regional Science Consortium
TWCO1,"Toledo Crib, OH",41.699,-83.259,fixed,Limno Tech
TXPT2,"8770822 - Texas Point, Sabine Pass, TX",29.689,-93.842,fixed,NOS
TXVT2,"8775302 - TX State Aquarium Visibility, TX",27.813,-97.389,fixed,NOAA NOS PORTS
ULRA2,"9468333 - Unalakleet, Unalakleet River, AK",63.872,-160.784,fixed,NOS
UNLA2,"9462620 - Unalaska, AK",53.88,-166.537,fixed,NOS
UPBC1,"9415118 - Union Pacific Rail Road Bridge, Martinez, CA",38.038,-122.121,fixed,NOAA NOS PORTS
UQXA2,"Utqiagvik, AK",71.315,-156.722,fixed,Marine Exchange of Alaska
UTVT2,"8775236 - UTMSI Visibility, TX",27.838,-97.052,fixed,NOAA NOS PORTS
VAKF1,"8723214 - Virginia Key, FL",25.731,-80.162,fixed,NOS
VCAF1,"8723970 - Vaca Key, FL",24.711,-81.107,fixed,NOS
VCAT2,"8773259 - Port Lavaca, TX",28.64,-96.609,fixed,TCOON
VCVA2,"9464212 - Village Cove, St. Paul Island, AK",57.125,-170.285,fixed,NOS
VDXA2,"Valdez, AK",61.127,-146.344,fixed,Marine Exchange of Alaska
VDZA2,"9454240 - Valdez, AK",61.125,-146.361,fixed,NOS
VENF1,"Venice, FL",27.072,-82.453,fixed,NDBC
VRMO1,"Vermilion River at Lake Erie, OH",41.428,-82.364,other,"NWS WFO Cleveland, OH (CLE)"
VTBT2,"8775222 - Viola Turning Basin, TX",27.841,-97.52,fixed,NOAA NOS PORTS
WAHV2,"8631044 - Wachapreague, VA",37.608,-75.686,fixed,NOS
WAKP8,1890000 - Wake Island,19.291,166.618,fixed,NOS
WASD2,"8594900 - Washington, DC",38.873,-77.021,fixed,NOS
WATS1,"Lake Wateree, SC",34.335,-80.702,fixed,"NWS WFO Columbia, SC (CAE)"
WAXM3,"Carriage House, Waquoit Bay Reserve, MA",41.582,-70.525,fixed,National Estuarine Research Reserve System
WBXA2,Womens Bay Cargo Pier,57.729,-152.516,fixed,Marine Exchange of Alaska
WCRP1,"Walnut Creek Marina, PA",42.077,-80.24,other,"NWS WFO Cleveland, OH (CLE)"
WCXA2,"Ward Cove, AK",55.402,-131.729,fixed,Marine Exchange of Alaska
WDSV2,"8638614 - Willoughby Deguassing Station, VA",36.977,-76.315,fixed,NOAA NOS PORTS
WEXM1,"Laudholm Farm, Wells Reserve, ME",43.337,-70.549,fixed,National Estuarine Research Reserve System
WFXA2,Womens Bay Fuel Pier,57.726,-152.519,fixed,Marine Exchange of Alaska
WGXA2,Wrangell Harbor,56.467,-132.382,fixed,Marine Exchange of Alaska
WHRI2,"Waukegan Harbor, IL",42.361,-87.813,fixed,"NWS WFO Chicago, IL (LOT)"
WIWF1,"Willy Willy, FL",25.587,-81.044,fixed,Everglades National Park
WIXA2,"Whittier AMHS, AK",60.777,-148.682,fixed,Marine Exchange of Alaska
WKXA1,"Safe Harbor Met Station, Weeks Bay Reserve, AL",30.421,-87.828,fixed,National Estuarine Research Reserve System
WLON7,"8658120 - Wilmington, NC",34.228,-77.954,fixed,NOS
WLXA2,"Wales, AK",65.616,-168.094,fixed,Marine Exchange of Alaska
WNEM4,"9076027 - West Neebish Island, MI",46.285,-84.21,fixed,NOS
WPLF1,"Watson Place, FL",25.71,-81.249,fixed,Everglades National Park
WPTW1,"9441102 - Westport, WA",46.904,-124.105,fixed,NOS
WRBF1,"Whipray Basin, FL",25.072,-80.735,fixed,Everglades National Park
WRXA2,"Wainwright, AK",70.636,-160.034,fixed,Marine Exchange of Alaska
WWEF1,"Whitewater Bay-East, FL",25.232,-80.938,fixed,Everglades National Park
WYCM6,"8747437 - Bay Waveland Yacht Club, MS",30.326,-89.326,fixed,NOS
YATA2,"9453220 - Yakutat, Yakutat Bay, AK",59.548,-139.733,fixed,NOS
YKTV2,"8637689 - Yorktown USCG Training Center, VA",37.227,-76.479,fixed,NOS
YRSV2,"Taskinas Creek, Chesapeake Bay Reserve, VA",37.414,-76.712,fixed,National Estuarine Research Reserve System
